name,pos,height,age,license,club,PPG,FGM,FGA,X3PT_Per,X2PT_Per,FT_Per,TR,AST,STL,TOV,BLKF,BLKA,FC,FD,PIR,Performance
Johnny Dee,SG,1.83,28,EXT,Acunsa GBC,9.75,4.5,10.75,36.2,30.8,84.6,2.88,1.62,0.88,1.88,0.0,0.12,2.25,1.5,6.12,Good
Viny Okouo,C,2.14,23,JFL,Acunsa GBC,7.62,4.62,9.0,0.0,55.8,44.8,4.75,0.38,0.5,2.12,0.12,0.25,2.25,3.12,7.5,Good
Lucas Faggiano,PG,1.88,31,EUR,Acunsa GBC,6.38,3.5,7.5,9.1,51.2,75.0,2.25,3.5,1.25,1.38,0.12,0.38,2.0,2.25,8.0,Good
Jan Span,PG,1.87,28,EUR,Acunsa GBC,3.62,1.38,7.62,17.9,18.2,0.0,1.12,1.5,0.38,1.5,0.0,0.38,0.75,0.38,-1.88,Poor
Xabi Oroz,SG,1.93,24,JFL,Acunsa GBC,1.0,0.62,1.62,0.0,30.0,100.0,1.25,1.5,1.38,0.75,0.25,0.25,1.0,0.88,3.25,Poor
Dino Radoncic,F,2.02,21,JFL,Acunsa GBC,6.62,3.62,8.75,17.4,51.6,56.3,4.12,1.38,1.12,1.12,0.38,0.12,2.0,2.25,7.5,Good
William Magarity,PF,2.11,27,EUR,Acunsa GBC,7.25,3.38,6.5,43.5,47.8,100.0,2.62,1.12,0.5,0.75,0.25,0.0,1.5,1.25,7.62,Good
Julen Olaizola,PF,2.02,27,JFL,Acunsa GBC,0.6,0.4,1.0,0.0,100.0,33.3,1.0,0.6,0.2,0.8,0.2,0.0,1.8,0.4,-0.2,Poor
Pere Tomàs,F,2.0,31,JFL,Acunsa GBC,7.38,3.25,6.88,50.0,31.8,85.7,4.25,1.12,0.75,0.75,0.0,0.5,1.75,1.62,8.5,Good
Jaime Echenique,C,2.11,23,EXT,Acunsa GBC,14.86,8.86,13.57,66.7,60.3,75.9,5.57,0.57,1.0,2.14,1.29,0.43,3.43,3.43,16.0,Outstanding
Brandone Francis,SG,1.96,26,COT,Acunsa GBC,5.5,2.88,8.5,26.1,26.5,72.7,1.12,0.62,0.38,1.5,0.25,0.12,2.0,1.0,-0.38,Poor
Guillem Jou,SG,1.95,23,JFL,BAXI Manresa,9.0,4.44,8.22,38.5,61.1,82.4,4.44,1.33,0.89,0.78,0.22,0.33,1.11,1.89,11.78,Good
Makai Mason,SG,1.85,25,EUR,BAXI Manresa,11.62,5.75,12.88,35.4,34.2,94.1,1.0,0.62,0.38,2.38,0.0,1.0,2.25,2.5,3.38,Poor
Seth Hinrichs,PF,2.01,27,EXT,BAXI Manresa,6.67,3.56,6.67,28.6,57.1,72.7,3.89,1.67,0.89,1.67,0.11,0.78,1.89,1.22,7.0,Good
Eulis Báez,PF,2.01,38,EUR,BAXI Manresa,8.89,5.11,9.44,33.3,61.5,65.6,3.56,2.44,1.11,1.11,0.33,0.11,2.44,2.56,10.89,Good
Rafa Martínez,SG,1.9,38,JFL,BAXI Manresa,5.22,2.44,4.89,33.3,83.3,87.5,1.0,1.0,0.56,0.56,0.0,0.0,0.89,0.78,4.67,Poor
Jonathan Tabu,PG,1.9,35,EUR,BAXI Manresa,9.78,5.22,9.44,36.7,41.7,100.0,1.56,3.22,1.22,2.56,0.0,0.11,1.67,3.11,10.33,Good
Martynas Sajus,C,2.08,24,EUR,BAXI Manresa,6.38,4.25,6.12,0.0,65.4,73.9,3.38,0.25,0.0,1.12,0.0,0.0,2.12,2.0,6.88,Good
Janari Joesaar,F,1.98,27,EUR,BAXI Manresa,3.5,1.5,5.5,28.6,0.0,33.3,3.0,0.0,0.5,0.0,0.5,0.0,1.0,1.0,3.5,Poor
Juampi Vaulet,F,1.99,24,EUR,BAXI Manresa,7.44,3.78,6.67,45.5,62.2,50.0,3.0,0.44,0.56,0.78,0.33,0.22,2.67,1.11,6.33,Good
Scott Eatherton,C,2.06,29,EXT,BAXI Manresa,11.0,6.22,11.22,25.0,56.5,62.5,5.56,1.22,0.67,1.56,0.33,1.11,3.56,3.22,10.78,Good
Dani Pérez,PG,1.84,30,JFL,BAXI Manresa,5.67,2.78,7.0,32.0,37.0,63.6,2.0,7.56,1.44,2.67,0.0,0.11,3.0,2.33,9.0,Good
Yankuba Sima,C,2.11,24,JFL,BAXI Manresa,3.12,1.75,3.38,0.0,57.9,37.5,2.5,0.5,0.25,0.75,0.12,0.38,1.62,0.75,2.88,Poor
Adam Hanga,F,2.0,31,EUR,Barça,5.75,2.5,5.0,60.0,47.1,37.5,3.62,1.5,0.75,1.75,0.25,0.12,1.38,1.5,7.62,Good
Leandro Bolmaro,SG,1.98,20,EUR,Barça,3.0,2.29,4.0,14.3,33.3,100.0,1.14,1.86,0.71,1.14,0.14,0.14,1.57,1.0,3.29,Poor
Rolands Smits,PF,2.07,25,JFL,Barça,4.75,2.75,5.0,22.2,60.0,72.7,3.0,0.38,0.75,0.5,0.12,0.12,1.12,1.25,6.25,Good
Thomas Heurtel,PG,1.89,31,EUR,Barça,5.62,2.75,6.25,31.3,46.4,66.7,1.88,5.38,1.12,1.75,0.0,0.12,0.75,1.0,8.88,Good
Artem Pustovyi,C,2.19,28,EUR,Barça,6.5,4.0,6.0,0.0,62.5,75.0,1.0,0.0,0.25,1.0,0.75,0.0,1.75,2.0,5.75,Good
Pierre Oriola,PF,2.08,28,JFL,Barça,7.62,4.75,9.0,0.0,60.5,45.5,5.38,0.5,0.12,1.38,0.38,0.38,2.25,3.0,8.75,Good
Álex Abrines,SG,1.98,27,JFL,Barça,11.0,5.38,8.75,48.6,61.1,88.2,3.38,0.75,1.0,0.5,0.38,0.0,2.25,1.62,12.0,Good
Cory Higgins,F,1.96,31,EXT,Barça,9.2,5.0,8.6,58.3,36.8,91.7,2.4,3.2,1.0,2.0,0.4,0.6,1.8,3.0,11.2,Good
Kyle Kuric,SG,1.93,31,EUR,Barça,6.4,4.0,8.0,23.1,37.5,100.0,1.8,0.2,0.0,0.6,0.0,0.0,0.4,1.2,4.6,Poor
Nikola Mirotic,PF,2.08,29,JFL,Barça,15.33,9.0,13.67,38.1,71.0,80.0,5.83,0.67,1.5,2.5,0.5,0.0,2.33,4.33,18.67,Outstanding
Nick Calathes,PG,1.96,31,EUR,Barça,6.62,3.0,7.75,35.0,40.5,40.0,2.88,5.12,0.88,2.0,0.12,0.38,2.62,1.0,6.88,Good
Brandon Davies,C,2.08,29,COT,Barça,8.88,5.0,8.5,0.0,53.4,100.0,3.5,2.38,0.62,1.38,0.38,0.75,2.38,2.5,10.25,Good
Sergi Martínez,F,2.02,21,JFL,Barça,2.6,1.2,2.4,33.3,71.4,0.0,2.0,0.8,0.4,0.4,0.2,0.0,0.6,0.2,4.0,Poor
Brancou Badio,PG,1.91,21,COT,Barça,2.5,1.25,2.75,25.0,50.0,100.0,1.25,0.25,0.75,0.0,0.0,0.0,0.75,0.5,3.0,Poor
Víctor Claver,F,2.08,32,JFL,Barça,2.0,1.0,2.0,0.0,100.0,0.0,0.0,0.0,0.0,1.0,0.0,0.0,4.0,0.0,-4.0,Poor
Jonathan Barreiro,F,2.03,23,JFL,Casademont Zaragoza,7.5,4.0,8.62,29.0,43.5,86.7,4.62,0.75,0.5,0.62,0.0,0.12,1.12,1.88,8.75,Good
DJ Seeley,SG,1.93,31,EXT,Casademont Zaragoza,11.88,6.38,11.25,36.4,55.6,90.5,1.88,1.88,0.38,3.0,0.12,0.25,2.0,2.62,8.62,Good
Nico Brussino,F,2.05,27,EUR,Casademont Zaragoza,8.25,4.25,9.12,33.3,46.7,68.8,4.5,3.38,1.25,2.62,0.12,0.0,2.5,2.62,10.12,Good
Robin Benzing,F,2.08,31,EUR,Casademont Zaragoza,7.88,4.75,10.88,18.9,42.3,83.3,3.12,0.38,0.88,0.75,0.62,0.0,2.12,2.25,6.12,Good
Sagaba Konate,PF,2.05,23,COT,Casademont Zaragoza,1.75,1.5,3.0,0.0,25.0,71.4,0.75,0.25,0.0,0.25,0.25,0.25,0.5,1.0,1.5,Poor
Vit Krejci,SG,2.02,20,JFL,Casademont Zaragoza,0.0,0.0,1.0,0.0,0.0,0.0,0.5,0.5,0.0,0.0,0.0,0.5,0.5,0.0,-1.0,Poor
Rodrigo San Miguel,PG,1.86,35,JFL,Casademont Zaragoza,4.5,1.62,4.75,37.0,33.3,0.0,3.38,3.5,1.12,1.0,0.0,0.38,1.25,1.75,8.5,Good
Dylan Ennis,SG,1.88,29,EUR,Casademont Zaragoza,15.62,8.5,15.0,31.7,66.0,75.0,2.62,3.25,1.75,3.38,0.12,0.0,2.5,2.5,13.5,Good
Tryggvi Hlinason,C,2.15,23,EUR,Casademont Zaragoza,11.25,6.38,8.75,0.0,83.0,52.2,6.25,0.88,0.38,1.38,0.88,0.0,2.25,2.62,16.25,Outstanding
Jason Thompson,C,2.11,34,EXT,Casademont Zaragoza,7.88,4.62,8.62,0.0,56.5,50.0,3.25,1.0,0.5,2.38,0.0,0.25,3.62,3.12,5.5,Good
Luka Rupnik,PG,1.86,27,EUR,Casademont Zaragoza,3.67,2.0,4.0,50.0,25.0,75.0,0.67,2.33,0.67,0.0,0.0,0.0,1.33,1.67,5.67,Good
Javi García,PG,1.85,19,JFL,Casademont Zaragoza,2.2,1.0,3.2,27.3,0.0,100.0,0.8,1.2,0.2,0.4,0.0,0.2,2.4,0.4,-0.4,Poor
Rasheed Sulaimon,SG,1.94,26,COT,Casademont Zaragoza,9.33,5.67,10.67,30.0,45.5,81.8,2.0,0.67,0.33,1.33,0.0,0.0,2.0,2.67,6.67,Good
Shawn Dawson,F,1.97,27,EUR,Club Joventut Badalona,2.75,1.5,5.0,14.3,33.3,50.0,2.75,1.0,0.25,0.75,0.0,0.5,1.0,1.25,2.25,Poor
Pau Ribas,SG,1.94,33,JFL,Club Joventut Badalona,8.14,3.43,7.71,43.8,31.3,83.3,1.57,5.0,0.57,2.29,0.0,0.14,1.57,1.29,8.29,Good
Xabi López-Aróstegui,F,2.0,23,JFL,Club Joventut Badalona,8.25,4.75,9.0,33.3,38.5,100.0,5.0,0.38,0.75,0.5,0.0,0.38,2.0,2.12,9.38,Good
Conor Morgan,PF,2.06,26,EUR,Club Joventut Badalona,6.83,3.17,5.83,53.8,50.0,66.7,2.67,0.5,0.33,1.0,0.0,0.17,1.5,0.83,5.83,Good
Vladimir Brodziansky,PF,2.1,26,EUR,Club Joventut Badalona,10.67,6.11,9.33,50.0,61.3,80.6,2.44,0.44,0.33,1.33,0.89,0.33,2.33,2.67,10.22,Good
Albert Ventura,SG,1.92,28,JFL,Club Joventut Badalona,6.67,3.33,5.44,44.0,72.7,84.6,2.56,1.11,1.11,0.56,0.22,0.11,2.0,1.44,8.33,Good
Ferran Bassas,PG,1.81,28,JFL,Club Joventut Badalona,9.67,4.33,8.78,43.9,42.9,90.0,3.78,4.11,1.11,2.0,0.0,0.33,2.44,2.22,11.67,Good
Arturs Zagars,PG,1.9,20,JFL,Club Joventut Badalona,2.8,1.6,3.2,28.6,40.0,100.0,0.4,0.4,0.2,0.4,0.0,0.0,1.6,0.6,0.8,Poor
Simon Birgander,C,2.09,23,EUR,Club Joventut Badalona,6.33,3.44,4.33,0.0,81.3,71.4,3.33,1.0,0.44,0.44,0.67,0.11,1.56,0.78,9.56,Good
Joel Parra,F,2.02,20,JFL,Club Joventut Badalona,3.22,1.89,3.67,37.5,42.9,72.7,3.78,0.44,0.56,0.56,0.11,0.11,1.89,1.22,5.0,Good
Ante Tomic,C,2.17,33,EUR,Club Joventut Badalona,15.22,9.11,14.33,50.0,57.6,80.0,6.22,2.0,0.78,2.78,0.0,0.22,1.56,4.67,19.11,Outstanding
Nenad Dimitrijevic,PG,1.9,22,JFL,Club Joventut Badalona,9.11,5.11,11.44,20.0,46.2,76.2,1.89,3.78,0.44,2.89,0.22,0.0,1.78,2.0,6.44,Good
Arnau Parrado,PF,2.04,20,JFL,Club Joventut Badalona,2.25,1.0,2.25,33.3,60.0,0.0,1.75,0.0,0.0,0.0,0.0,0.0,0.75,1.25,3.25,Poor
Yannick Kraag,F,2.02,18,EUR,Club Joventut Badalona,0.0,0.0,0.0,0.0,0.0,0.0,0.0,0.0,0.0,0.0,0.0,0.0,1.0,1.0,0.0,Poor
Roger Martí,PG,1.8,18,JFL,Club Joventut Badalona,0.0,0.0,0.0,0.0,0.0,0.0,0.0,0.0,0.0,0.0,0.0,0.0,0.0,0.0,0.0,Poor
Nick Kay,PF,2.06,28,EXT,Coosur Real Betis,9.88,6.12,11.0,21.4,49.0,88.0,6.62,1.25,0.75,0.5,0.25,0.12,1.12,2.62,14.75,Good
Tobias Borg,SG,1.84,27,EUR,Coosur Real Betis,5.88,3.62,6.38,18.2,53.8,92.9,2.0,1.62,1.0,1.12,0.0,0.25,1.38,2.0,7.0,Good
Mamadou Niang,C,2.09,26,JFL,Coosur Real Betis,5.75,3.25,6.12,0.0,69.0,31.6,3.75,0.38,0.25,1.0,0.5,0.25,2.12,1.5,5.88,Good
Pablo Almazán,F,2.0,31,JFL,Coosur Real Betis,5.0,2.88,6.38,22.2,45.0,76.9,2.5,1.5,1.12,0.88,0.12,0.12,1.88,2.5,6.38,Good
Ryan Harrow,PG,1.88,29,COT,Coosur Real Betis,10.25,5.0,8.5,50.0,60.0,66.7,1.0,2.25,0.75,1.25,0.0,0.0,1.75,0.75,8.5,Good
James Feldeine,SG,1.93,32,COT,Coosur Real Betis,16.25,7.88,16.62,38.2,50.0,60.7,2.5,2.25,1.38,2.0,0.25,0.25,1.5,3.5,13.62,Good
Nick Spires,PF,2.1,26,JFL,Coosur Real Betis,2.29,1.0,2.14,28.6,62.5,0.0,1.14,0.57,0.14,0.29,0.0,0.0,1.71,0.29,1.29,Poor
Yakouba Ouattara,F,1.92,28,EUR,Coosur Real Betis,8.0,4.0,8.33,50.0,22.2,83.3,3.33,0.0,0.33,0.33,0.0,0.33,1.33,1.67,7.0,Good
Mike Torres,PG,1.88,26,JFL,Coosur Real Betis,0.29,0.29,2.0,0.0,0.0,100.0,1.0,0.0,0.14,0.43,0.0,0.14,1.0,0.86,-1.0,Poor
Youssou Ndoye,C,2.12,29,COT,Coosur Real Betis,8.88,5.88,10.62,0.0,51.1,62.2,5.0,0.38,0.62,2.12,1.12,0.12,1.88,4.12,11.25,Good
TJ Campbell,PG,1.75,32,EXT,Coosur Real Betis,9.0,5.0,10.0,32.3,42.9,85.7,1.88,4.75,1.75,2.38,0.0,0.62,3.38,2.88,8.88,Good
Obi Enechionyia,PF,2.06,25,COT,Coosur Real Betis,4.12,2.12,4.38,33.3,44.4,87.5,2.12,0.5,0.62,1.25,0.38,0.12,1.38,0.75,3.5,Poor
Ibrahim Magassa,F,2.03,18,JFL,Coosur Real Betis,1.5,0.5,1.0,50.0,0.0,0.0,0.5,0.0,0.0,0.0,0.0,0.0,0.5,0.0,1.0,Poor
Olek Balcerowski,C,2.16,20,JFL,Herbalife Gran Canaria,1.25,0.75,1.5,0.0,50.0,50.0,1.0,0.0,0.0,0.5,0.0,0.0,2.5,0.25,-1.25,Poor
Frankie Ferrari,PG,1.85,25,EUR,Herbalife Gran Canaria,7.25,3.75,8.88,40.0,30.8,83.3,1.25,1.88,0.88,1.25,0.0,0.25,1.62,2.12,5.12,Good
Stan Okoye,F,1.98,29,COT,Herbalife Gran Canaria,9.5,4.75,10.38,36.4,41.2,75.0,3.5,1.38,0.62,1.0,0.25,0.5,2.38,1.88,7.62,Good
Andrew Albicy,PG,1.78,30,EUR,Herbalife Gran Canaria,7.88,3.25,8.5,34.9,35.0,80.0,1.75,5.0,0.88,2.5,0.0,0.0,1.75,2.75,8.75,Good
Tomas Dimsa,F,1.96,26,EUR,Herbalife Gran Canaria,6.2,2.8,6.4,38.9,30.0,100.0,1.8,1.4,0.2,2.2,0.2,0.4,2.2,1.4,2.8,Poor
John Shurna,C,2.04,30,EUR,Herbalife Gran Canaria,5.12,2.62,4.25,44.4,70.6,62.5,2.75,0.5,0.5,0.62,0.38,0.12,1.88,1.12,6.12,Good
Fabio Santana,PG,1.9,28,JFL,Herbalife Gran Canaria,1.25,0.5,1.75,33.3,25.0,0.0,0.25,1.25,1.0,0.5,0.25,0.5,1.25,0.25,0.75,Poor
Beqa Burjanadze,PF,2.01,26,JFL,Herbalife Gran Canaria,6.62,3.75,7.38,33.3,47.8,72.2,3.5,0.88,0.38,0.88,0.0,0.0,2.0,1.88,6.75,Good
Matt Costello,C,2.08,27,EXT,Herbalife Gran Canaria,13.5,6.5,11.88,42.9,59.3,61.5,5.12,1.12,0.62,0.88,1.62,0.5,3.5,1.62,13.38,Good
Javi Beirán,F,2.0,33,JFL,Herbalife Gran Canaria,4.86,2.14,4.71,35.7,52.9,50.0,3.86,0.86,0.29,0.71,0.0,0.14,0.57,1.86,7.71,Good
Jacob Wiley,C,2.03,26,EXT,Herbalife Gran Canaria,9.75,5.25,10.38,36.4,50.0,62.5,4.12,1.0,1.0,2.12,0.5,0.62,2.0,1.75,8.25,Good
Khalifa Diop,PF,2.15,18,JFL,Herbalife Gran Canaria,1.33,0.67,2.0,0.0,50.0,0.0,1.0,0.0,0.0,0.67,0.0,0.33,0.67,0.67,0.0,Poor
Jean Claudio Montero,SG,1.88,17,COT,Herbalife Gran Canaria,2.5,2.0,3.0,0.0,100.0,100.0,2.0,0.5,0.0,1.0,0.0,0.0,2.0,0.5,1.5,Poor
Amedeo Della Valle,SG,1.94,27,EUR,Herbalife Gran Canaria,8.5,6.0,11.5,0.0,43.5,82.4,1.25,1.25,1.75,1.75,0.0,0.25,1.25,3.0,7.0,Good
Jovan Kljajic,SG,1.95,19,JFL,Herbalife Gran Canaria,1.0,1.0,1.5,0.0,0.0,100.0,1.0,0.5,0.0,1.0,0.5,0.0,0.0,1.0,2.5,Poor
Dejan Kravic,C,2.1,30,EUR,Hereda San Pablo Burgos,11.43,6.57,11.57,0.0,54.8,66.7,5.29,1.14,1.86,2.14,0.43,0.57,2.29,2.57,12.71,Good
Vitor Benite,SG,1.94,30,EUR,Hereda San Pablo Burgos,12.43,6.57,13.29,31.7,46.9,90.0,1.14,1.0,0.86,1.29,0.0,0.43,2.71,2.86,7.14,Good
Álex Barrera,SG,1.96,28,JFL,Hereda San Pablo Burgos,0.0,0.0,0.75,0.0,0.0,0.0,0.5,0.0,0.0,0.25,0.0,0.0,0.0,0.0,-0.5,Poor
Miquel Salvó,F,2.05,26,JFL,Hereda San Pablo Burgos,4.71,2.14,4.14,33.3,66.7,50.0,2.14,0.86,0.14,0.0,0.14,0.0,1.86,1.0,5.14,Good
Thad McFadden,SG,1.88,33,EUR,Hereda San Pablo Burgos,14.5,7.0,12.67,42.5,55.0,87.5,1.5,2.83,0.83,1.5,0.17,0.5,1.33,2.0,12.83,Good
Jasiel Rivero,PF,2.06,27,EXT,Hereda San Pablo Burgos,11.17,6.83,12.33,38.5,59.3,58.8,5.33,1.17,0.5,1.33,0.67,0.17,2.67,5.0,14.17,Good
Jordan Sakho,C,2.07,23,JFL,Hereda San Pablo Burgos,4.8,3.6,5.2,0.0,66.7,70.6,2.2,0.2,0.4,1.2,0.2,0.6,3.2,2.4,3.6,Poor
Omar Cook,PG,1.87,38,EUR,Hereda San Pablo Burgos,2.86,1.71,4.71,20.0,33.3,58.3,1.43,5.57,1.29,1.43,0.0,0.0,2.43,1.43,5.71,Good
Xavi Rabaseda,F,1.96,31,JFL,Hereda San Pablo Burgos,4.67,2.0,5.0,22.2,66.7,0.0,4.17,0.5,1.33,1.33,0.33,0.0,1.0,0.5,6.17,Good
Goran Huskic,C,2.1,28,EUR,Hereda San Pablo Burgos,4.0,2.0,3.67,0.0,85.7,0.0,0.67,2.0,1.0,1.0,0.0,0.0,1.0,1.33,5.33,Good
Ken Horton,PF,2.01,31,EXT,Hereda San Pablo Burgos,14.29,6.0,10.57,43.6,72.7,50.0,4.29,0.86,1.71,0.86,0.14,0.29,2.43,0.71,13.86,Good
Alex Renfroe,PG,1.91,34,EUR,Hereda San Pablo Burgos,10.71,5.57,9.0,40.0,64.5,91.7,3.71,6.0,1.14,2.57,0.29,0.14,2.0,2.14,15.86,Outstanding
Oliver Bieshaar,C,1.91,19,JFL,Hereda San Pablo Burgos,0.0,0.0,2.0,0.0,0.0,0.0,0.0,0.0,1.0,1.0,0.0,0.0,0.0,0.0,-2.0,Poor
Alberto Alonso,F,2.0,19,JFL,Hereda San Pablo Burgos,0.0,0.0,2.0,0.0,0.0,0.0,2.0,1.0,2.0,0.0,0.0,0.0,1.0,1.0,3.0,Poor
Kareem Queeley,SG,1.93,19,JFL,Hereda San Pablo Burgos,6.0,3.0,4.0,0.0,75.0,0.0,3.0,0.0,0.0,1.0,0.0,0.0,3.0,3.0,7.0,Good
Bruno Fitipaldo,PG,1.83,29,EUR,Iberostar Tenerife,13.71,7.57,14.0,36.4,50.0,81.5,1.43,3.71,1.29,2.29,0.0,0.43,2.14,3.71,12.57,Good
Marcelinho Huertas,PG,1.91,37,EUR,Iberostar Tenerife,12.14,6.29,12.43,33.3,51.0,78.6,2.57,5.86,0.57,3.14,0.0,0.14,1.71,1.86,11.86,Good
Sasu Salin,SG,1.9,29,EUR,Iberostar Tenerife,8.0,3.29,8.14,34.9,37.5,83.3,1.71,1.0,0.29,0.57,0.0,0.0,2.14,1.71,5.14,Good
Dani Díez,F,2.01,27,JFL,Iberostar Tenerife,6.0,3.0,4.75,50.0,66.7,80.0,3.5,0.5,1.0,1.0,0.0,0.25,0.25,1.0,8.75,Good
Sergio Rodríguez,F,2.04,27,JFL,Iberostar Tenerife,4.2,2.6,3.2,66.7,0.0,90.0,3.6,1.0,0.4,0.4,0.0,0.0,1.6,1.4,8.0,Good
Giorgi Shermadini,C,2.17,31,EUR,Iberostar Tenerife,18.29,12.57,15.71,0.0,71.4,90.6,5.0,2.14,0.71,2.57,0.86,0.29,2.0,6.14,25.14,Outstanding
Spencer Butterfield,SG,1.91,28,EXT,Iberostar Tenerife,1.5,0.5,2.0,33.3,0.0,0.0,0.0,0.5,0.0,0.5,0.0,0.5,2.5,0.0,-3.0,Poor
Emir Sulejmanovic,PF,2.05,25,EUR,Iberostar Tenerife,2.71,1.71,3.86,0.0,50.0,45.5,3.57,0.43,0.14,0.43,0.14,0.14,2.14,1.29,3.43,Poor
Álex López,SG,1.88,29,JFL,Iberostar Tenerife,1.2,1.0,2.2,0.0,33.3,100.0,0.8,0.6,0.4,0.8,0.0,0.2,1.2,1.2,0.8,Poor
Tyler Cavanaugh,PF,2.06,26,EXT,Iberostar Tenerife,6.43,3.14,6.14,35.7,56.5,66.7,4.0,0.57,0.29,1.14,0.14,0.57,2.29,1.43,5.86,Good
Fran Guerra,C,2.14,28,JFL,Iberostar Tenerife,4.0,2.67,4.17,0.0,53.3,80.0,1.67,1.17,0.0,0.33,0.17,0.17,1.5,2.0,5.5,Good
Aaron Doornekamp,PF,2.01,35,EUR,Iberostar Tenerife,12.29,5.43,10.57,48.8,37.5,73.3,3.71,1.43,1.0,0.71,0.14,0.14,2.71,2.57,12.43,Good
Georgios Bogris,C,2.1,31,EUR,Iberostar Tenerife,0.0,0.0,1.0,0.0,0.0,0.0,1.0,0.75,0.25,1.0,0.0,0.75,1.75,0.25,-2.25,Poor
Álvaro Muñoz,F,1.97,30,JFL,Monbus Obradoiro,2.11,0.89,2.78,23.5,50.0,50.0,1.89,1.0,0.11,0.44,0.11,0.11,0.67,0.67,2.78,Poor
Albert Oliver,PG,1.87,42,JFL,Monbus Obradoiro,4.0,2.22,3.44,50.0,54.5,90.0,1.89,1.67,0.56,1.22,0.0,0.0,2.33,1.0,4.33,Poor
Laurynas Beliauskas,SG,1.92,23,EUR,Monbus Obradoiro,10.56,4.78,10.22,37.5,51.6,69.2,2.0,1.22,0.78,1.22,0.0,0.22,1.67,2.22,8.22,Good
Laurynas Birutis,C,2.13,23,EUR,Monbus Obradoiro,16.44,10.33,14.56,0.0,67.9,76.0,6.89,0.78,0.67,2.22,1.33,0.11,2.11,5.78,23.22,Outstanding
Rafa García,PG,1.87,20,JFL,Monbus Obradoiro,0.5,0.25,1.0,0.0,33.3,0.0,0.5,0.5,0.0,0.5,0.0,0.5,0.25,0.25,-0.25,Poor
Steven Enoch,C,2.08,23,EUR,Monbus Obradoiro,3.0,1.56,2.78,66.7,50.0,75.0,2.33,0.33,0.11,1.11,0.56,0.11,1.56,0.67,3.0,Poor
Mike Daum,PF,2.06,25,EXT,Monbus Obradoiro,8.8,4.4,7.6,50.0,50.0,100.0,4.0,0.2,1.0,1.4,0.2,0.4,2.2,1.4,8.4,Good
Kassius Robertson,SG,1.9,26,EXT,Monbus Obradoiro,16.11,7.67,15.0,44.3,46.8,74.1,1.78,3.11,0.56,2.0,0.11,0.22,1.33,1.89,12.67,Good
Jake Cohen,PF,2.1,30,EUR,Monbus Obradoiro,8.25,4.62,7.88,38.9,50.0,100.0,3.62,1.38,0.62,1.5,0.25,0.5,1.75,1.75,8.88,Good
Chris Czerapowicz,F,2.01,29,EUR,Monbus Obradoiro,7.11,3.33,6.89,36.0,55.2,62.5,3.78,1.56,0.44,0.89,0.0,0.22,2.33,1.22,7.11,Good
Pepe Pozas,PG,1.83,28,JFL,Monbus Obradoiro,6.11,3.33,6.78,25.8,69.2,76.5,2.89,4.89,1.33,2.33,0.0,0.0,3.22,3.11,9.33,Good
Álex Suárez,PF,2.06,27,JFL,Monbus Obradoiro,5.33,2.22,3.33,57.9,75.0,100.0,1.78,0.33,0.56,0.44,0.22,0.0,1.22,0.44,5.89,Good
Tyson Pérez,PF,2.02,24,JFL,MoraBanc Andorra,11.6,6.0,10.4,50.0,50.0,83.3,7.6,0.8,1.8,1.0,0.8,0.4,1.4,2.8,18.2,Outstanding
Oriol Paulí,F,2.01,26,JFL,MoraBanc Andorra,5.33,2.83,6.5,20.0,45.8,80.0,2.67,2.33,0.67,1.0,0.0,0.33,1.83,2.17,6.33,Good
Babatunde Olumuyiwa,C,2.03,28,COT,MoraBanc Andorra,5.57,2.86,4.29,0.0,70.4,33.3,3.86,0.43,0.29,2.0,0.14,0.14,2.86,0.86,4.71,Poor
Nacho Llovet,PF,2.02,29,JFL,MoraBanc Andorra,2.57,1.43,3.43,0.0,57.1,50.0,4.29,1.0,0.43,0.43,0.14,0.0,2.0,1.14,5.14,Good
Malik Dime,C,2.06,28,COT,MoraBanc Andorra,7.86,4.43,6.86,0.0,64.9,70.0,4.71,0.14,0.86,1.71,2.29,0.0,2.86,1.14,10.0,Good
Clevin Hannah,PG,1.79,33,COT,MoraBanc Andorra,17.14,8.86,14.0,45.7,63.4,90.9,1.86,4.43,1.0,3.0,0.0,0.29,2.43,3.43,17.0,Outstanding
Tomasz Gielo,PF,2.05,27,EUR,MoraBanc Andorra,9.0,5.5,9.0,42.9,33.3,87.5,5.0,0.5,0.0,0.5,0.0,0.5,1.5,3.5,12.0,Good
Haukur Palsson,F,1.98,28,EUR,MoraBanc Andorra,11.2,5.2,9.0,47.6,62.5,75.0,0.4,1.4,1.2,1.4,0.0,0.0,1.2,1.4,9.2,Good
Sergi García,PG,1.93,23,JFL,MoraBanc Andorra,4.43,2.0,4.71,40.0,14.3,83.3,2.71,2.86,0.86,1.43,0.14,0.29,1.29,2.43,7.71,Good
Guillem Colom,PG,1.95,29,JFL,MoraBanc Andorra,1.5,0.5,2.0,25.0,0.0,0.0,2.0,1.0,0.5,0.5,0.0,0.0,0.0,0.0,3.0,Poor
David Jelínek,F,1.94,30,JFL,MoraBanc Andorra,4.83,1.83,6.83,27.6,18.2,100.0,1.67,0.17,0.5,1.5,0.0,0.0,1.83,0.67,-0.5,Poor
Jeremy Senglin,SG,1.88,25,EXT,MoraBanc Andorra,11.14,6.0,11.43,41.2,47.8,76.5,3.0,2.57,0.29,1.71,0.0,0.29,2.86,2.14,8.86,Good
Alexis Bartolomé,F,1.99,22,JFL,MoraBanc Andorra,0.0,0.0,2.0,0.0,0.0,0.0,1.0,0.0,0.0,0.0,0.0,0.0,2.0,0.0,-3.0,Poor
John Roberson,PG,1.8,32,EXT,Movistar Estudiantes,14.33,6.33,10.78,52.9,54.5,92.3,1.78,2.89,0.22,1.89,0.0,0.44,1.89,2.22,12.78,Good
Aleksa Avramovic,SG,1.92,26,EUR,Movistar Estudiantes,14.56,8.56,15.22,30.0,49.2,97.2,2.22,3.44,1.0,2.11,0.33,0.89,2.11,4.0,13.78,Good
Adams Sola,SG,1.93,20,JFL,Movistar Estudiantes,0.22,0.11,0.78,0.0,33.3,0.0,0.56,0.11,0.22,0.22,0.0,0.22,0.67,0.11,-0.56,Poor
Edgar Vicedo,F,2.04,26,JFL,Movistar Estudiantes,4.22,2.33,4.44,33.3,45.0,100.0,2.67,0.0,0.67,0.22,0.11,0.33,2.56,0.56,3.0,Poor
Christ Koumadje,C,2.24,24,COT,Movistar Estudiantes,1.4,0.8,1.6,0.0,75.0,25.0,1.0,0.0,0.0,0.4,0.2,0.0,0.8,1.0,1.6,Poor
Alec Brown,C,2.16,28,EXT,Movistar Estudiantes,6.78,3.11,6.78,38.2,41.2,80.0,4.0,0.33,0.67,0.89,1.33,0.33,3.56,1.11,5.78,Good
Ángel Delgado,C,2.08,26,COT,Movistar Estudiantes,4.0,2.22,4.89,0.0,61.5,23.5,4.11,0.33,0.56,0.56,0.56,0.22,2.44,1.56,5.22,Good
Dovydas Giedraitis,SG,1.92,20,JFL,Movistar Estudiantes,7.78,3.44,6.11,50.0,56.5,83.3,1.22,0.44,0.56,0.78,0.0,0.22,1.67,0.89,5.56,Good
Nemanja Djurisic,PF,2.03,28,EUR,Movistar Estudiantes,4.71,2.29,4.43,26.7,75.0,75.0,1.29,0.14,0.43,0.57,0.0,0.29,1.14,0.57,3.0,Poor
Aleksandar Cvetkovic,PG,1.88,27,EUR,Movistar Estudiantes,4.44,1.89,3.33,52.6,42.9,100.0,1.44,2.56,1.0,1.33,0.0,0.0,2.56,2.33,6.44,Good
Alessandro Gentile,SG,2.01,28,EUR,Movistar Estudiantes,15.67,8.67,17.5,23.1,48.6,72.2,5.17,3.0,0.83,3.17,0.33,1.67,2.17,3.83,13.0,Good
Víctor Arteaga,C,2.14,28,JFL,Movistar Estudiantes,8.22,4.78,8.22,0.0,58.5,57.1,4.78,0.56,0.89,1.44,0.56,0.33,2.22,2.22,9.78,Good
Diego Alderete,F,1.94,20,JFL,Movistar Estudiantes,0.0,0.0,0.0,0.0,0.0,0.0,0.0,0.0,0.0,0.0,0.0,0.0,0.0,0.0,0.0,Poor
Edwin Jackson,SG,1.9,31,EUR,Movistar Estudiantes,8.5,4.0,13.0,27.3,25.0,66.7,3.0,3.0,0.5,2.0,0.0,0.0,4.5,2.0,1.5,Poor
Jaroslaw Zyskowski,F,2.03,28,EUR,RETAbet Bilbao Basket,10.33,6.17,10.5,21.4,63.3,78.9,2.17,0.5,0.5,1.33,0.17,0.0,2.5,2.17,7.67,Good
Jonathan Rousselle,PG,1.92,30,EUR,RETAbet Bilbao Basket,11.33,5.67,9.83,37.5,64.0,90.0,2.5,4.33,1.0,2.33,0.0,0.0,2.83,2.83,12.67,Good
Jaylon Brown,SG,1.83,26,EXT,RETAbet Bilbao Basket,13.33,7.67,13.5,40.0,45.2,88.0,2.0,1.33,0.83,2.0,0.0,0.67,2.67,4.33,10.67,Good
Alex Reyes,F,2.02,27,JFL,RETAbet Bilbao Basket,5.33,2.33,3.67,46.2,85.7,100.0,2.17,0.33,0.67,0.33,0.17,0.17,1.33,0.67,6.17,Good
Ondrej Balvin,C,2.17,28,EUR,RETAbet Bilbao Basket,11.17,7.17,10.83,0.0,60.0,76.0,7.83,1.0,0.5,1.33,0.83,0.0,2.33,4.67,18.67,Outstanding
Felipe Dos Anjos,C,2.18,22,JFL,RETAbet Bilbao Basket,0.0,0.0,0.5,0.0,0.0,0.0,1.0,0.25,0.0,0.5,0.25,0.0,0.75,0.0,-0.25,Poor
Quentin Serron,SG,2.01,30,EUR,RETAbet Bilbao Basket,2.4,1.2,2.4,0.0,60.0,0.0,1.2,0.8,0.6,1.2,0.0,0.0,1.6,0.4,1.4,Poor
Ludde Hakanson,PG,1.89,24,JFL,RETAbet Bilbao Basket,11.0,5.33,10.0,47.6,46.7,88.9,1.83,4.5,0.83,2.17,0.0,0.17,2.0,2.83,12.0,Good
Kingsley Moses,PF,2.08,26,COT,RETAbet Bilbao Basket,4.17,2.33,5.67,14.3,40.9,80.0,2.67,0.33,0.17,0.83,0.83,0.17,1.33,0.67,3.17,Poor
Aaron Jones,C,2.06,27,EXT,RETAbet Bilbao Basket,4.33,2.33,4.83,50.0,42.1,66.7,4.0,1.17,0.33,1.33,0.5,0.0,1.5,1.0,6.0,Good
Arnoldas Kulboka,PF,2.08,22,EUR,RETAbet Bilbao Basket,7.83,3.83,9.0,35.7,28.6,75.0,3.5,0.83,0.33,1.67,0.0,0.33,1.33,1.5,5.5,Good
Tomeu Rigo,SG,1.93,23,JFL,RETAbet Bilbao Basket,2.25,0.75,2.0,50.0,0.0,0.0,0.75,0.25,0.0,0.25,0.0,0.25,1.25,0.5,0.75,Poor
Anthony Randolph,PF,2.11,31,EUR,Real Madrid,6.0,2.0,5.0,66.7,0.0,0.0,7.0,0.0,1.0,3.0,0.0,0.0,4.0,0.0,4.0,Poor
Rudy Fernández,F,1.96,35,JFL,Real Madrid,6.67,2.67,4.5,55.0,66.7,75.0,2.67,1.33,0.67,1.0,0.17,0.0,1.0,1.33,9.0,Good
Alberto Abalde,F,2.02,25,JFL,Real Madrid,6.67,4.0,7.67,45.5,30.0,86.7,3.33,2.83,0.33,0.83,0.17,0.17,2.17,2.0,8.5,Good
Facu Campazzo,PG,1.81,29,EUR,Real Madrid,9.86,4.71,8.14,46.2,57.1,90.0,2.29,5.43,1.71,2.43,0.0,0.29,1.29,3.0,14.86,Good
Nico Laprovittola,PG,1.9,30,EUR,Real Madrid,11.29,5.14,8.14,58.6,50.0,100.0,2.86,4.14,0.71,0.86,0.0,0.14,2.14,2.29,15.14,Outstanding
Felipe Reyes,PF,2.04,40,JFL,Real Madrid,1.0,0.5,2.5,100.0,0.0,50.0,2.75,0.0,0.0,1.25,0.0,0.5,1.0,1.25,0.25,Poor
Jaycee Carroll,SG,1.88,37,EUR,Real Madrid,9.83,5.0,8.5,34.6,78.6,90.9,1.83,0.67,0.17,0.33,0.0,0.17,1.5,1.33,8.33,Good
Edy Tavares,C,2.2,28,JFL,Real Madrid,10.75,5.75,8.25,0.0,70.2,66.7,6.62,0.62,1.62,1.5,2.25,0.12,2.38,1.62,17.0,Outstanding
Sergio Llull,SG,1.9,33,JFL,Real Madrid,10.33,4.5,9.83,35.3,55.0,80.0,0.83,1.33,0.67,1.0,0.0,0.17,1.17,1.5,7.0,Good
Trey Thompkins,PF,2.08,30,EXT,Real Madrid,10.5,5.0,9.25,38.7,60.6,80.0,3.88,1.38,1.38,0.88,0.38,0.0,1.0,1.12,12.5,Good
Jeff Taylor,F,2.01,31,EUR,Real Madrid,5.8,3.0,5.8,35.7,80.0,60.0,1.8,0.0,0.8,0.6,0.0,0.2,1.0,1.4,5.2,Good
Carlos Alocén,PG,1.94,20,JFL,Real Madrid,4.0,2.17,4.83,27.3,45.5,71.4,2.17,1.67,0.33,1.67,0.0,0.33,0.83,1.33,4.0,Poor
Boris Tisma,F,2.05,18,JFL,Real Madrid,0.0,0.0,0.0,0.0,0.0,0.0,0.0,0.0,0.0,0.0,0.0,0.0,1.0,0.0,-1.0,Poor
Usman Garuba,C,2.03,18,JFL,Real Madrid,4.0,2.0,5.25,16.7,48.0,40.0,5.5,1.25,0.88,1.25,0.5,0.62,2.0,1.0,6.0,Good
Tristan Vukcevic,PF,2.08,17,EUR,Real Madrid,2.0,1.5,3.0,0.0,50.0,50.0,2.0,0.0,0.0,0.5,0.0,0.0,1.0,1.5,2.5,Poor
Fabien Causeur,F,1.96,33,EUR,Real Madrid,14.67,7.0,12.67,38.9,64.3,83.3,2.33,2.33,0.33,2.0,0.0,0.33,1.0,2.33,13.0,Good
Gabriel Deck,F,1.98,25,EXT,Real Madrid,10.0,5.4,8.0,60.0,65.4,77.8,3.2,1.6,0.4,1.4,0.0,0.0,1.8,2.0,11.4,Good
Sander Raieste,F,2.01,21,JFL,TD Systems Baskonia,0.8,0.4,1.6,0.0,33.3,0.0,0.8,0.6,1.0,0.8,0.0,0.2,1.4,0.2,-0.2,Poor
Luca Vildoza,PG,1.91,25,EUR,TD Systems Baskonia,12.0,6.22,13.56,29.8,46.2,80.8,1.22,3.67,1.89,2.44,0.11,0.67,1.56,2.67,9.56,Good
Tonye Jekiri,C,2.12,26,COT,TD Systems Baskonia,9.0,5.78,9.33,0.0,54.7,74.2,5.33,1.56,1.22,1.67,0.44,0.22,2.44,2.22,11.89,Good
Pierria Henry,PG,1.93,27,EXT,TD Systems Baskonia,9.56,5.56,9.78,46.2,49.0,76.9,2.33,4.11,1.56,2.44,0.11,0.56,2.44,2.78,10.78,Good
Tadas Sedekerskis,F,2.06,22,JFL,TD Systems Baskonia,2.89,1.56,3.11,28.6,50.0,80.0,1.56,0.22,0.44,0.22,0.22,0.11,0.44,0.44,3.44,Poor
Ilimane Diop,C,2.1,25,JFL,TD Systems Baskonia,4.89,2.78,5.33,30.8,47.8,83.3,2.44,0.89,0.33,0.44,0.44,0.33,2.22,1.56,5.0,Good
Youssoupha Fall,C,2.21,25,EUR,TD Systems Baskonia,4.8,2.8,4.2,0.0,62.5,80.0,3.4,0.2,0.0,0.8,0.4,0.0,1.6,1.6,6.6,Good
Alec Peters,PF,2.06,25,EXT,TD Systems Baskonia,8.56,4.78,9.0,33.3,47.1,90.0,3.67,0.67,0.44,1.22,0.11,0.33,1.67,1.78,7.78,Good
Zoran Dragic,SG,1.96,31,EUR,TD Systems Baskonia,9.83,6.0,9.0,27.3,65.4,94.1,0.83,1.17,1.0,1.5,0.0,0.33,1.0,2.5,9.5,Good
Rokas Giedraitis,F,2.0,28,EUR,TD Systems Baskonia,13.78,7.0,13.89,34.6,50.0,87.0,4.89,1.22,1.11,0.89,0.22,0.22,1.78,2.67,14.11,Good
Achille Polonara,PF,2.02,29,EUR,TD Systems Baskonia,10.78,5.44,10.67,35.3,60.0,59.1,5.44,2.33,1.33,0.67,0.22,0.33,1.33,2.44,15.0,Outstanding
Arturs Kurucs,PG,1.93,20,JFL,TD Systems Baskonia,1.38,0.62,1.62,12.5,80.0,0.0,0.62,0.88,0.25,0.75,0.12,0.0,1.62,0.5,0.38,Poor
Jordan Davis,SG,1.88,23,EUR,UCAM Murcia CB,13.29,7.86,16.0,28.6,47.6,60.0,3.0,2.71,1.0,2.71,0.14,0.71,2.14,4.0,10.43,Good
Marques Townes,SG,1.93,25,COT,UCAM Murcia CB,2.0,1.14,2.29,0.0,46.2,66.7,0.57,0.43,0.71,0.29,0.0,0.0,0.71,0.86,2.43,Poor
Rafa Luz,PG,1.88,28,JFL,UCAM Murcia CB,2.14,1.29,4.43,9.1,50.0,33.3,1.86,0.57,1.0,1.0,0.0,0.0,1.43,1.86,1.86,Poor
Rinalds Malmanis,PF,2.04,24,JFL,UCAM Murcia CB,0.0,0.0,0.67,0.0,0.0,0.0,1.33,0.67,0.33,0.0,0.0,0.0,0.67,0.33,1.33,Poor
Nemanja Radovic,PF,2.08,29,EUR,UCAM Murcia CB,9.86,5.14,9.71,18.2,61.7,50.0,6.29,0.86,0.29,1.29,0.57,0.14,2.57,1.86,11.14,Good
Peter Jok,F,1.98,26,COT,UCAM Murcia CB,5.75,2.25,4.75,35.7,80.0,0.0,2.0,0.75,1.0,0.25,0.0,0.0,2.5,0.75,5.0,Good
Emanuel Cate,C,2.07,23,JFL,UCAM Murcia CB,6.71,4.0,6.0,0.0,65.5,69.2,4.14,0.86,0.29,1.14,0.29,0.14,2.43,1.57,8.14,Good
Augusto Lima,C,2.1,29,JFL,UCAM Murcia CB,6.86,3.57,7.14,0.0,59.0,18.2,6.71,2.0,1.71,1.86,1.29,0.0,2.14,2.0,13.0,Good
DJ Strawberry,SG,1.96,35,COT,UCAM Murcia CB,5.5,2.5,9.17,21.4,28.6,50.0,1.67,2.0,0.83,1.17,0.17,0.0,2.83,2.33,1.83,Poor
Sadiel Rojas,F,1.95,31,COT,UCAM Murcia CB,6.0,3.57,6.14,35.7,58.3,76.5,5.29,1.0,0.86,0.86,0.0,0.29,3.29,1.86,8.0,Good
Conner Frankamp,PG,1.85,25,EXT,UCAM Murcia CB,18.57,9.0,18.14,38.6,50.0,75.0,2.71,3.86,0.57,2.29,0.14,0.29,1.71,3.57,16.0,Outstanding
David DiLeo,PF,2.03,23,EXT,UCAM Murcia CB,6.71,2.86,6.29,38.7,37.5,100.0,1.14,0.29,0.86,0.14,0.14,0.14,1.86,0.71,4.29,Poor
Wilhelm Falk,SG,2.03,17,EUR,UCAM Murcia CB,0.0,0.0,0.0,0.0,0.0,0.0,0.0,0.0,0.0,0.0,0.0,0.0,0.0,0.0,0.0,Poor
Deon Thompson,C,2.04,32,COT,Unicaja,7.56,3.56,7.11,42.9,50.0,100.0,2.0,0.78,0.78,1.0,0.78,0.11,1.56,0.78,6.44,Good
Jaime Fernández,SG,1.86,27,JFL,Unicaja,4.0,2.0,5.0,33.3,40.0,50.0,1.0,3.5,0.5,0.5,0.0,0.0,0.0,3.0,8.5,Good
Darío Brizuela,SG,1.88,26,JFL,Unicaja,14.78,7.22,13.89,39.1,52.5,83.3,2.22,3.33,1.33,1.67,0.0,0.22,1.11,1.78,13.78,Good
Alberto Díaz,PG,1.88,26,JFL,Unicaja,6.22,3.22,8.44,23.7,39.1,73.3,1.78,5.0,2.0,1.11,0.0,0.11,2.0,4.11,10.67,Good
Francis Alonso,SG,1.91,24,JFL,Unicaja,10.0,4.67,8.11,47.2,60.9,78.6,1.67,0.56,0.22,0.89,0.0,0.22,2.22,1.89,7.56,Good
Adam Waczynski,F,1.99,31,EUR,Unicaja,6.89,3.44,6.67,47.6,44.0,71.4,1.56,1.22,0.22,1.22,0.0,0.11,1.56,1.56,5.33,Good
Tim Abromaitis,PF,2.03,31,EXT,Unicaja,9.67,4.78,8.67,43.3,60.0,66.7,3.33,0.78,0.78,0.89,0.11,0.44,2.11,2.11,9.44,Good
Rubén Guerrero,C,2.13,25,JFL,Unicaja,3.0,1.67,2.56,0.0,70.6,50.0,4.33,0.78,0.44,0.78,0.44,0.0,2.44,0.78,5.67,Good
Carlos Suárez,PF,2.03,34,JFL,Unicaja,0.6,0.2,1.2,20.0,0.0,0.0,1.4,0.4,0.0,0.4,0.0,0.0,0.2,0.6,1.4,Poor
Volodymyr Gerun,C,2.08,26,EUR,Unicaja,3.56,2.11,3.22,0.0,61.9,75.0,3.22,0.11,0.11,0.56,0.11,0.11,2.22,0.78,3.89,Poor
Axel Bouteille,F,2.01,25,EUR,Unicaja,11.62,5.75,11.5,33.3,51.9,90.0,2.62,1.0,0.62,0.62,0.12,0.25,0.75,1.38,10.0,Good
Gal Mekel,PG,1.91,32,EUR,Unicaja,7.75,4.75,10.0,0.0,41.4,87.5,1.75,5.5,1.0,2.5,0.25,0.5,1.75,2.75,9.0,Good
Pablo Sánchez,PG,1.89,18,JFL,Unicaja,0.0,0.0,1.0,0.0,0.0,0.0,0.5,0.0,0.5,0.0,0.0,0.0,0.0,0.5,0.5,Poor
Yannick Nzosa,C,2.08,17,JFL,Unicaja,4.0,2.14,2.71,0.0,76.5,100.0,2.14,0.43,1.0,0.71,1.43,0.14,2.43,0.14,5.29,Good
Obi Emegano,SG,1.95,27,EUR,Urbas Fuenlabrada,11.88,5.88,11.25,48.0,49.0,68.8,2.62,1.5,1.5,1.5,0.0,0.62,3.0,2.5,9.5,Good
Álex Urtasun,SG,1.95,36,JFL,Urbas Fuenlabrada,6.0,2.33,5.33,44.4,42.9,0.0,0.67,1.0,0.33,0.33,0.0,0.33,0.33,0.67,4.67,Poor
Siim-Sander Vene,PF,2.03,30,EUR,Urbas Fuenlabrada,8.33,3.67,7.5,37.5,58.8,75.0,3.17,1.33,0.5,0.83,0.0,0.0,2.33,0.33,6.67,Good
Melo Trimble,PG,1.91,25,EXT,Urbas Fuenlabrada,20.5,11.5,19.12,40.8,56.1,85.1,3.0,5.25,1.88,3.5,0.0,0.25,2.5,5.0,21.75,Outstanding
Osas Ehigiator,C,2.06,21,JFL,Urbas Fuenlabrada,0.0,0.0,0.5,0.0,0.0,0.0,1.33,0.0,0.17,0.83,0.33,0.0,1.83,0.33,-1.0,Poor
Leo Meindl,F,2.01,27,EUR,Urbas Fuenlabrada,11.62,6.25,12.5,22.2,62.5,42.3,5.5,1.25,1.38,1.5,0.25,0.38,2.75,3.0,12.12,Good
Chema González,C,2.06,29,JFL,Urbas Fuenlabrada,1.14,0.57,1.71,0.0,44.4,0.0,2.43,0.71,0.71,0.43,0.14,0.14,1.43,0.57,2.57,Poor
Shevon Thompson,C,2.13,27,COT,Urbas Fuenlabrada,6.25,4.0,5.5,0.0,69.2,77.8,4.0,0.25,0.5,1.75,1.5,0.0,2.75,1.75,8.25,Good
Marc Garcia,SG,1.97,24,JFL,Urbas Fuenlabrada,14.25,7.88,11.75,44.8,62.5,100.0,2.0,0.5,0.88,1.12,0.25,0.25,1.38,3.25,14.5,Good
Christian Eyenga,F,1.98,31,EUR,Urbas Fuenlabrada,5.88,3.25,6.38,28.6,51.5,63.6,3.25,2.12,1.0,0.75,0.88,0.12,2.12,1.5,8.5,Good
Oliver Stevic,C,2.04,36,EUR,Urbas Fuenlabrada,8.67,5.0,8.33,0.0,52.4,100.0,6.67,0.67,0.33,0.0,0.0,0.0,2.33,2.33,13.0,Good
Charlon Kloof,PG,1.91,30,EUR,Urbas Fuenlabrada,2.14,1.0,3.86,18.8,22.2,100.0,1.14,0.86,0.71,0.86,0.29,0.14,1.71,0.86,0.43,Poor
Njegos Sikiras,PF,2.05,21,EUR,Urbas Fuenlabrada,0.0,0.0,0.0,0.0,0.0,0.0,1.0,1.0,0.0,1.0,0.0,0.0,2.0,0.0,-1.0,Poor
Ziga Samar,PG,1.97,19,JFL,Urbas Fuenlabrada,2.25,1.38,2.12,0.0,77.8,80.0,1.12,1.0,0.12,1.38,0.0,0.0,1.5,1.25,2.12,Poor
Tomás Bellas,PG,1.85,33,JFL,Urbas Fuenlabrada,0.67,0.33,3.0,0.0,16.7,0.0,0.67,1.33,0.33,1.33,0.0,0.33,1.0,0.67,-1.67,Poor
Vyacheslav Bobrov,PF,2.03,28,EUR,Urbas Fuenlabrada,4.8,2.8,5.0,50.0,50.0,71.4,2.0,1.2,0.6,0.4,0.2,0.8,2.2,1.2,4.4,Poor
Robert Upshaw,C,2.13,26,EXT,Urbas Fuenlabrada,10.33,6.0,11.33,0.0,52.0,62.5,4.67,1.33,1.33,1.67,1.33,0.33,2.0,2.0,11.67,Good
Vanja Marinkovic,SG,1.98,23,EUR,Valencia Basket Club,11.67,5.0,11.0,53.3,26.7,100.0,0.33,0.33,0.67,1.33,0.0,0.67,1.0,2.33,6.33,Good
Klemen Prepelic,SG,1.91,28,EUR,Valencia Basket Club,7.88,4.5,7.88,37.0,41.2,100.0,1.25,2.38,0.62,2.12,0.0,0.38,1.62,2.75,7.38,Good
Louis Labeyrie,PF,2.08,28,EUR,Valencia Basket Club,9.86,5.0,6.57,58.3,87.0,72.7,5.0,0.57,0.29,0.71,0.29,0.0,0.71,1.71,14.71,Good
Sam Van Rossom,PG,1.88,34,EUR,Valencia Basket Club,8.17,4.0,7.33,40.0,52.9,100.0,1.5,3.0,0.83,2.33,0.0,0.17,1.5,1.67,7.83,Good
Mike Tobey,C,2.13,26,EXT,Valencia Basket Club,8.25,4.38,7.0,36.4,67.6,72.7,4.75,0.75,0.5,1.0,0.12,0.75,2.0,1.12,9.12,Good
Nikola Kalinic,F,2.02,29,EUR,Valencia Basket Club,9.62,5.88,9.5,61.5,43.8,80.6,3.0,2.5,1.25,1.0,0.0,0.62,2.38,3.62,12.38,Good
Bojan Dubljevic,C,2.05,29,EUR,Valencia Basket Club,12.75,7.25,11.75,36.8,57.7,91.3,5.5,1.88,1.62,1.75,0.25,0.25,1.62,2.75,16.62,Outstanding
Guillem Vives,PG,1.92,27,JFL,Valencia Basket Club,4.83,2.5,5.67,33.3,33.3,85.7,2.5,2.5,1.17,1.0,0.33,0.5,2.17,1.33,5.83,Good
Fernando San Emeterio,F,1.99,36,JFL,Valencia Basket Club,4.71,2.57,6.0,7.7,56.5,66.7,3.29,1.29,0.57,1.0,0.0,0.14,0.71,1.57,6.14,Good
Martin Hermannsson,PG,1.9,26,EUR,Valencia Basket Club,7.5,3.5,7.38,36.4,48.5,100.0,1.62,2.0,0.38,2.12,0.0,0.12,2.0,1.75,5.12,Good
Joan Sastre,F,2.01,29,JFL,Valencia Basket Club,7.67,4.0,6.67,37.5,62.5,100.0,1.33,3.0,1.67,1.67,0.33,0.33,0.67,1.0,9.67,Good
Josep Puerto,SG,1.99,21,JFL,Valencia Basket Club,1.0,0.5,2.0,0.0,50.0,0.0,1.5,0.0,0.0,0.0,0.0,0.0,0.5,0.5,1.0,Poor
Jaime Pradilla,PF,2.02,19,JFL,Valencia Basket Club,4.0,2.25,3.5,50.0,62.5,75.0,1.25,0.0,0.25,0.25,0.0,0.5,0.75,0.5,3.25,Poor
Derrick Williams,PF,2.03,29,EXT,Valencia Basket Club,3.14,1.86,4.71,11.1,43.8,62.5,2.57,0.71,0.43,1.71,0.14,0.14,2.29,1.0,1.0,Poor
